System SKU,upload_product
B-C13T08014011-2,
B-3947074-2,
B-4529B001-2,
B-CN684EE-4,
B-CB317EE-2,
B-C13T13014010-2,
B-C13T12814011-3,
B-C13T12814011-2,
B-2932B001-2,
B-CB336EE-CB338EE-2,
S-C13T08014011,30
S-3947074,30
S-4529B001,30
S-CN684EE,30
S-CB317EE,30
S-C13T13014010,30
S-C13T12814011,30
S-2932B001,30
S-CB336EE,30
S-CB338EE,30
S-CC530L,30
S-C8765EE,30
S-CE311A,30
S-C13T09694010,30
S-C13T09684010,30
S-0615B001,30
S-C8721EE,30
S-CE250XD,30
S-D8J07A,30
S-C8560A,30
S-C13T05444010,30
S-CB331EE,30
S-0080D2954,30
S-C8551A,30
S-CC641EE,30
S-C9352CE,30
S-C13T06134010,30
S-CH564EE,30
S-0615B043,30
S-CB436AD,30
S-CE264X,30
S-C13T10024010,30
S-C13T05414010,30
S-C13T612400,30
S-C13T09634010,30
S-C13T05474010,30
S-C13T08734010,30
S-C13T10044010,30
S-CB403A,30
S-CB540AD,30
B-2969B001-2971B001-2,
B-2972B001-2970B001,
B-3947058-3947066-2,
B-5222B005-5226B005-2,
B-C13T07124011-C13T07134011-C13T07144011-3,
B-C13T18014010-C13T18164010-2,
B-C2P05AE-C2P07AE-2,
B-C8728AE-C8727AE-2,
B-C9351AE-C9352AE-2,
B-C9362EE-C9361EE-2,
B-CC640EE-CC643EE-2,
B-CC653AE-CC656AE-2,
B-CC654AE-CC656AE-2,
B-CN621AE-CN622AE-CN623AE-CN624AE-4,
B-CN625AE-CN626AE-CN627AE-CN628AE-4,
B-CN684EE-CB323EE-CB324EE-CB325EE-4,
B-CN684EE-J3M82AE-2,
S-C2P04AE,30
S-Q1338D,30
S-CE410X,30
S-CE320AD,30
S-CE505L,30
S-F6U66AE,30
S-CB319EE,30
S-CF410A,30
S-C9502AE,30
S-CE278L,30
S-CB387A,30
S-CZ136A,30
S-C4941A,30
S-C4944A,30
S-C9731A,30
S-0080D2952,30
S-C13T07154510,30
S-CF213A,30
S-C13T13044010,30
S-C13T05424010,30
S-C13T05434010,30
S-C13T05404010,30
S-C13T13024010,30
S-Q6473A,30
S-C13T100340,30
S-CB380A,30
S-C13T06144010,30
S-C13T18124010,30
S-8039745,30
S-3949922,30
S-2934B010,30
S-5227B005,30
S-6509B001,30
S-6508B001,30
S-CD975AE,30
S-CD973AE,30
S-CN055AE,30
S-C2P26AE,30
S-CN049AE,30
S-CN048AE#BGY,30
S-CB384A,30
S-C2P06AE,30
S-C2P23AE,30
S-C2P24AE,30
S-C2P25AE,30
S-C4907AE,30
S-C6656AE,30
S-C8751A,30
S-C8766EE,30
S-C9462A,30
S-C9466A,30
S-C9481A,30
S-C13T10014010,30
S-J3M81AE,30
S-0621B026,30
S-0617B001,30
S-8288B004,30
S-6510B001,30
S-6445B001,30
S-9182B001,30
S-0628B030,30
S-CB381A,30
S-CB385A,30
S-CB390A,30
S-CC364A,30
S-CC364X,30
S-CE260X,30
S-CE310A,30
S-CE321A,30
S-CE413A,30
S-CE505A,30
S-CE740A,30
S-CF031A,30
S-CF033A ,30
S-C13T16334010,30
S-C13T16344010,30
S-C13T16364510,30
S-C13T24284010,30
S-C13T12954510,30
S-C13T16364010,30
S-C13T24384510,30
S-CB304AE,30
S-CE314A,30
S-CF371AM,30
S-Q2612L,30
S-CF351A,30
S-CF353A,30
S-CF352A,30
S-D8J43AE,30
S-CE411L,30
S-CE413L,30
S-C8774EE,30
S-Q3963A,30
S-Q5942A,30
S-Q6511A,30
S-Q7582A,30
S-Q3960A,30
S-Q6000A,30
S-C13T26314010,30
S-C13T70334010,30
S-C13T16314010,30
S-CH082EE,30
S-CN053AE,30
S-CN045AE,30
S-J3M80AE,30
S-2933B001,30
S-5225B006,30
S-2969B010,30
S-2932B012,30
S-6496B001,30
S-8286B001,30
S-0620B001,30
S-4540B001,30
S-4529B006,30
S-6431B001,30
S-6443B001,30
S-6444B001,30
S-6447B001,30
S-2970B011,30
S-8049B001,30
S-8287B006,30
S-4544B001,30
S-2937B001,30
S-C13T24314010,30
S-C13T26214010,30
S-C13T18114010,30
S-C13T18064010,30
S-Q7583A,30
S-CE400X,30
S-CE255A,30
S-Q5952A,30
S-CE272A,30
S-C6578A,30
S-C2N92AE,30
S-F6U78AE,30
S-C2N93AE,30
S-C2P43AE,30
S-CN047AE,30
S-C3903A,30
S-C6656GE,30
S-C8719EE,30
S-C9363EE,30
S-C9504EE,30
S-CB435AD,30
S-CF373AM,30
S-CC364XD,30
S-CE262A,30
S-CE278AD,30
S-CE285A,30
S-CE310AD,30
S-CE410XD,30
S-CF210A,30
S-CF280XD,30
S-CH563EE,30
S-CB332EE,30
S-CE260A,30
S-Q6460A,30
S-D8J10A,30
S-F6U65AE,30
S-F6U67AE,30
S-F6U68AE,30
S-Q1338A ,30
S-C8061X,30
S-C4092A,30
S-C7115A,30
S-C7115X,30
S-C8550A,30
S-C8561A,30
S-C8563A,30
S-C9723A,30
S-C9721A,30
S-C9722A,30
S-C9720A,30
S-C4127X,30
S-Q2624A,30
S-Q6461A,30
S-Q2610A,30
S-Q2613A,30
S-Q7551A,30
S-C9469A,30
S-C9483A,30
S-J3M83AE,30
S-C9364EE,30
S-SD412EE,30
S-CB316EE,30
S-CB322EE,30
S-CN637EE,30
S-C9351CE,30
S-CH561EE,30
S-CH562EE,30
S-SD367AE,30
S-C13T07114011,30
S-C13T07114H10,30
S-C13T12914011,30
S-C2P42AE,30
S-CN054AE,30
S-C13T08954010,30
S-SD449EE,30
S-CR712AE,30
S-Q7551XD,30
S-Q5942XD,30
S-CE390XD,30
S-3952330,30
S-3952363,30
S-018C2110E ,30
S-18C2090E,30
S-018C1523E,30
S-18C1419E,30
S-18YX143E,30
S-14N1069E,30
S-14N1071E,30
S-10N0016,30
S-018CX032E,30
S-4529B001AA,30
S-C9486A,30
S-Q7553XD,30
S-C9485A,30
S-C9482A,30
S-2969B001,30
S-2972B001,30
S-3947058,30
S-5222B005,30
S-C13T18014010,30
S-C2P05AE,30
S-C8728AE,30
S-C9351AE,30
S-C9362EE,30
S-CC653AE,30
S-CC654AE,30
S-CN621AE,30
S-2971B001,30
S-2970B001,30
S-3947066,30
S-5226B005,30
S-C2P07AE,30
S-C8727AE,30
S-C9361EE,30
S-CC656AE,30
S-CN622AE,30
S-CN626AE,30
S-CB323EE,30
S-J3M82AE,30
S-CN623AE,30
S-CB324EE,30
S-CN624AE,30
S-CN628AE,30
S-CB325EE,30
S-C13T07124011,30
S-CC640EE,30
S-CN625AE,30
S-C13T07134011,30
S-C13T18164010,30
S-C9352AE,30
S-CC643EE,30
S-C13T07144011,30
S-CN627AE,30
S-1511B001,30
S-4709A002,30
S-C13T15794010,30
S-LC1100BK,30
S-LC1100HYBK,30
S-18C2170E,30
S-14N0848,30
S-C4810A,30
S-LC1000BK,30
S-LC1000C,30
S-LC1000HYBK,30
S-LC1000M,30
S-LC1000Y,30
S-LC1100C,30
S-LC1100HYC,30
S-LC1100HYM,30
S-LC1100HYY,30
S-LC1100M,30
S-LC1100Y,30
S-LC1220BK,30
S-LC1220C,30
S-LC1220M,30
S-LC1220Y,30
S-LC1240BK,30
S-LC1240C,30
S-LC1240M,30
S-LC1240Y,30
S-LC1280XLBK,30
S-LC1280XLC,30
S-LC1280XLM,30
S-LC1280XLY,30
S-LC800BK,30
S-LC900BK,30
S-LC900C,30
S-LC900HYBK,30
S-LC900M,30
S-LC900Y,30
S-LC970BK,30
S-LC970C,30
S-LC970M,30
S-LC970Y,30
S-LC980BK,30
S-LC980C,30
S-LC980M,30
S-LC980Y,30
S-LC985BK,30
S-LC985C,30
S-LC985M,30
S-LC985Y,30
S-PC201,30
S-PC72RF,30
S-PC75,30
S-PC71RF,30
S-PC70,30
S-4482A002,30
S-8190A002,30
S-9818A002,30
S-6882A002,30
S-4479A298,30
S-4483A002,30
S-44801265AA,30
S-4479A002,30
S-4480A002,30
S-4481A002,30
S-4706A029,30
S-9473A002,30
S-8891A002,30
S-4705A046,30
S-4705A002,30
S-4706A002,30
S-4707A002,30
S-4709A018,30
S-4710A002,30
S-4708A002,30
S-1035B001,30
S-1041B001,30
S-1042B001,30
S-1036B001,30
S-1033B001,30
S-1034B001,30
S-1038B001,30
S-1039B001,30
S-1040B001,30
S-1037B001,30
S-2146B001,30
S-0618B001,30
S-0619B001,30
S-1511B018,30
S-2934B001,30
S-2935B001,30
S-2936B001,30
S-4541B001,30
S-4542B001,30
S-4543B001,30
S-0627B001,30
S-0622B001,30
S-0624B001,30
S-0625B001,30
S-0626B001,30
S-1382A002,30
S-2145B001,30
S-0621B001,30
S-0616B001,30
S-5225B005,30
S-4873B001,30
S-4874B001,30
S-4879B001,30
S-4870B001,30
S-4871B001,30
S-4872B001,30
S-4868B001,30
S-4869B001,30
S-4876B001,30
S-4877B001,30
S-4878B001,30
S-4875B001,30
S-1509B012,30
S-0628B001,30
S-2444B001,30
S-2442B001,30
S-592-10177,30
S-592-10094,30
S-592-10256,30
S-592-10257,30
S-C13S015066,30
B-C13S015066-5,
