System SKU,Pack QTY
B-C13T08014011-2,2
B-3947074-2,2
B-4529B001-2,2
B-CN684EE-4,4
B-CB317EE-2,2
B-C13T13014010-2,2
B-C13T12814011-3,3
B-C13T12814011-2,2
B-2932B001-2,2
B-CB336EE-CB338EE-2,2
S-C13T08014011,1
S-3947074,1
S-4529B001,1
S-CN684EE,1
S-CB317EE,1
S-C13T13014010,1
S-C13T12814011,1
S-2932B001,1
S-CB336EE,1
S-CB338EE,1
S-CC530L,1
S-C8765EE,1
S-CE311A,1
S-C13T09694010,1
S-C13T09684010,1
S-0615B001,1
S-C8721EE,1
S-CE250XD,1
S-D8J07A,1
S-C8560A,1
S-C13T05444010,1
S-CB331EE,1
S-0080D2954,1
S-C8551A,1
S-CC641EE,1
S-C9352CE,1
S-C13T06134010,1
S-CH564EE,1
S-0615B043,1
S-CB436AD,1
S-CE264X,1
S-C13T10024010,1
S-C13T05414010,1
S-C13T612400,1
S-C13T09634010,1
S-C13T05474010,1
S-C13T08734010,1
S-C13T10044010,1
S-CB403A,1
S-CB540AD,1
B-2969B001-2971B001-2,2
B-2972B001-2970B001,2
B-3947058-3947066-2,2
B-5222B005-5226B005-2,2
B-C13T07124011-C13T07134011-C13T07144011-3,3
B-C13T18014010-C13T18164010-2,2
B-C2P05AE-C2P07AE-2,2
B-C8728AE-C8727AE-2,2
B-C9351AE-C9352AE-2,2
B-C9362EE-C9361EE-2,2
B-CC640EE-CC643EE-2,2
B-CC653AE-CC656AE-2,2
B-CC654AE-CC656AE-2,2
B-CN621AE-CN622AE-CN623AE-CN624AE-4,4
B-CN625AE-CN626AE-CN627AE-CN628AE-4,4
B-CN684EE-CB323EE-CB324EE-CB325EE-4,4
B-CN684EE-J3M82AE-2,2
S-C2P04AE,1
S-Q1338D,1
S-CE410X,1
S-CE320AD,1
S-CE505L,1
S-F6U66AE,1
S-CB319EE,1
S-CF410A,1
S-C9502AE,1
S-CE278L,1
S-CB387A,1
S-CZ136A,1
S-C4941A,1
S-C4944A,1
S-C9731A,1
S-0080D2952,1
S-C13T07154510,1
S-CF213A,1
S-C13T13044010,1
S-C13T05424010,1
S-C13T05434010,1
S-C13T05404010,1
S-C13T13024010,1
S-Q6473A,1
S-C13T100340,1
S-CB380A,1
S-C13T06144010,1
S-C13T18124010,1
S-8039745,1
S-3949922,1
S-2934B010,1
S-5227B005,1
S-6509B001,1
S-6508B001,1
S-CD975AE,1
S-CD973AE,1
S-CN055AE,1
S-C2P26AE,1
S-CN049AE,1
S-CN048AE#BGY,1
S-CB384A,1
S-C2P06AE,1
S-C2P23AE,1
S-C2P24AE,1
S-C2P25AE,1
S-C4907AE,1
S-C6656AE,1
S-C8751A,1
S-C8766EE,1
S-C9462A,1
S-C9466A,1
S-C9481A,1
S-C13T10014010,1
S-J3M81AE,1
S-0621B026,1
S-0617B001,1
S-8288B004,1
S-6510B001,1
S-6445B001,1
S-9182B001,1
S-0628B030,1
S-CB381A,1
S-CB385A,1
S-CB390A,1
S-CC364A,1
S-CC364X,1
S-CE260X,1
S-CE310A,1
S-CE321A,1
S-CE413A,1
S-CE505A,1
S-CE740A,1
S-CF031A,1
S-CF033A ,1
S-C13T16334010,1
S-C13T16344010,1
S-C13T16364510,1
S-C13T24284010,1
S-C13T12954510,1
S-C13T16364010,1
S-C13T24384510,1
S-CB304AE,1
S-CE314A,1
S-CF371AM,1
S-Q2612L,1
S-CF351A,1
S-CF353A,1
S-CF352A,1
S-D8J43AE,1
S-CE411L,1
S-CE413L,1
S-C8774EE,1
S-Q3963A,1
S-Q5942A,1
S-Q6511A,1
S-Q7582A,1
S-Q3960A,1
S-Q6000A,1
S-C13T26314010,1
S-C13T70334010,1
S-C13T16314010,1
S-CH082EE,1
S-CN053AE,1
S-CN045AE,1
S-J3M80AE,1
S-2933B001,1
S-5225B006,1
S-2969B010,1
S-2932B012,1
S-6496B001,1
S-8286B001,1
S-0620B001,1
S-4540B001,1
S-4529B006,1
S-6431B001,1
S-6443B001,1
S-6444B001,1
S-6447B001,1
S-2970B011,1
S-8049B001,1
S-8287B006,1
S-4544B001,1
S-2937B001,1
S-C13T24314010,1
S-C13T26214010,1
S-C13T18114010,1
S-C13T18064010,1
S-Q7583A,1
S-CE400X,1
S-CE255A,1
S-Q5952A,1
S-CE272A,1
S-C6578A,1
S-C2N92AE,1
S-F6U78AE,1
S-C2N93AE,1
S-C2P43AE,1
S-CN047AE,1
S-C3903A,1
S-C6656GE,1
S-C8719EE,1
S-C9363EE,1
S-C9504EE,1
S-CB435AD,1
S-CF373AM,1
S-CC364XD,1
S-CE262A,1
S-CE278AD,1
S-CE285A,1
S-CE310AD,1
S-CE410XD,1
S-CF210A,1
S-CF280XD,1
S-CH563EE,1
S-CB332EE,1
S-CE260A,1
S-Q6460A,1
S-D8J10A,1
S-F6U65AE,1
S-F6U67AE,1
S-F6U68AE,1
S-Q1338A ,1
S-C8061X,1
S-C4092A,1
S-C7115A,1
S-C7115X,1
S-C8550A,1
S-C8561A,1
S-C8563A,1
S-C9723A,1
S-C9721A,1
S-C9722A,1
S-C9720A,1
S-C4127X,1
S-Q2624A,1
S-Q6461A,1
S-Q2610A,1
S-Q2613A,1
S-Q7551A,1
S-C9469A,1
S-C9483A,1
S-J3M83AE,1
S-C9364EE,1
S-SD412EE,1
S-CB316EE,1
S-CB322EE,1
S-CN637EE,1
S-C9351CE,1
S-CH561EE,1
S-CH562EE,1
S-SD367AE,1
S-C13T07114011,1
S-C13T07114H10,1
S-C13T12914011,1
S-C2P42AE,1
S-CN054AE,1
S-C13T08954010,1
S-SD449EE,1
S-CR712AE,1
S-Q7551XD,1
S-Q5942XD,1
S-CE390XD,1
S-3952330,1
S-3952363,1
S-018C2110E ,1
S-18C2090E,1
S-018C1523E,1
S-18C1419E,1
S-18YX143E,1
S-14N1069E,1
S-14N1071E,1
S-10N0016,1
S-018CX032E,1
S-4529B001AA,1
S-C9486A,1
S-Q7553XD,1
S-C9485A,1
S-C9482A,1
S-2969B001,1
S-2972B001,1
S-3947058,1
S-5222B005,1
S-C13T18014010,1
S-C2P05AE,1
S-C8728AE,1
S-C9351AE,1
S-C9362EE,1
S-CC653AE,1
S-CC654AE,1
S-CN621AE,1
S-2971B001,1
S-2970B001,1
S-3947066,1
S-5226B005,1
S-C2P07AE,1
S-C8727AE,1
S-C9361EE,1
S-CC656AE,1
S-CN622AE,1
S-CN626AE,1
S-CB323EE,1
S-J3M82AE,1
S-CN623AE,1
S-CB324EE,1
S-CN624AE,1
S-CN628AE,1
S-CB325EE,1
S-C13T07124011,1
S-CC640EE,1
S-CN625AE,1
S-C13T07134011,1
S-C13T18164010,1
S-C9352AE,1
S-CC643EE,1
S-C13T07144011,1
S-CN627AE,1
S-1511B001,1
S-4709A002,1
S-C13T15794010,1
S-LC1100BK,1
S-LC1100HYBK,1
S-18C2170E,1
S-14N0848,1
S-C4810A,1
S-LC1000BK,1
S-LC1000C,1
S-LC1000HYBK,1
S-LC1000M,1
S-LC1000Y,1
S-LC1100C,1
S-LC1100HYC,1
S-LC1100HYM,1
S-LC1100HYY,1
S-LC1100M,1
S-LC1100Y,1
S-LC1220BK,1
S-LC1220C,1
S-LC1220M,1
S-LC1220Y,1
S-LC1240BK,1
S-LC1240C,1
S-LC1240M,1
S-LC1240Y,1
S-LC1280XLBK,1
S-LC1280XLC,1
S-LC1280XLM,1
S-LC1280XLY,1
S-LC800BK,1
S-LC900BK,1
S-LC900C,1
S-LC900HYBK,1
S-LC900M,1
S-LC900Y,1
S-LC970BK,1
S-LC970C,1
S-LC970M,1
S-LC970Y,1
S-LC980BK,1
S-LC980C,1
S-LC980M,1
S-LC980Y,1
S-LC985BK,1
S-LC985C,1
S-LC985M,1
S-LC985Y,1
S-PC201,1
S-PC72RF,1
S-PC75,1
S-PC71RF,1
S-PC70,1
S-4482A002,1
S-8190A002,1
S-9818A002,1
S-6882A002,1
S-4479A298,1
S-4483A002,1
S-44801265AA,1
S-4479A002,1
S-4480A002,1
S-4481A002,1
S-4706A029,1
S-9473A002,1
S-8891A002,1
S-4705A046,1
S-4705A002,1
S-4706A002,1
S-4707A002,1
S-4709A018,1
S-4710A002,1
S-4708A002,1
S-1035B001,1
S-1041B001,1
S-1042B001,1
S-1036B001,1
S-1033B001,1
S-1034B001,1
S-1038B001,1
S-1039B001,1
S-1040B001,1
S-1037B001,1
S-2146B001,1
S-0618B001,1
S-0619B001,1
S-1511B018,1
S-2934B001,1
S-2935B001,1
S-2936B001,1
S-4541B001,1
S-4542B001,1
S-4543B001,1
S-0627B001,1
S-0622B001,1
S-0624B001,1
S-0625B001,1
S-0626B001,1
S-1382A002,1
S-2145B001,1
S-0621B001,1
S-0616B001,1
S-5225B005,1
S-4873B001,1
S-4874B001,1
S-4879B001,1
S-4870B001,1
S-4871B001,1
S-4872B001,1
S-4868B001,1
S-4869B001,1
S-4876B001,1
S-4877B001,1
S-4878B001,1
S-4875B001,1
S-1509B012,1
S-0628B001,1
S-2444B001,1
S-2442B001,1
S-592-10177,1
S-592-10094,1
S-592-10256,1
S-592-10257,1
S-C13S015066,1
B-C13S015066-5,1
